[
    {
        "Date": "14.03.2024",
        "Description": "Так надо",
        "IsDone": false,
        "TaskName": "Посмотреть на Арарат"
    },
    {
        "Date": "01.02.2024",
        "Description": "Самую умную",
        "IsDone": false,
        "TaskName": "Дочитать умную книгу"
    },
    {
        "Date": "29.02.2024",
        "Description": "",
        "IsDone": true,
        "TaskName": "Купить кружку"
    },
    {
        "Date": "25.02.2024",
        "Description": "У Арташа или в Парадной",
        "IsDone": true,
        "TaskName": "Купить шаурму (5шт)"
    },
    {
        "Date": "28.02.2024",
        "Description": "Ночкой темной",
        "IsDone": false,
        "TaskName": "Выйти ночью в поле с конем"
    },
    {
        "Date": "01.01.2025",
        "Description": "Много черненьких котят в парке Ераз",
        "IsDone": false,
        "TaskName": "Покормить уличных кошек"
    },
    {
        "Date": "30.01.2024",
        "Description": "Обязательно вкусных",
        "IsDone": true,
        "TaskName": "Поесть пельменей"
    }
]
